position,company,location,date,tags,salary_min,salary_max,url
Sr Solutions Architect,ExtraHop,Remote,2026-09-15T00:00:26+00:00,,0,0,https://remoteOK.com/remote-jobs/remote-sr-solutions-architect-extrahop-1137394
Junior Payroll Assistant,Sleek,,2026-09-14T00:00:12+00:00,,0,0,https://remoteOK.com/remote-jobs/remote-junior-payroll-assistant-sleek-1137391
Customer Experience Representative,Prop Firm Match Global â FZCO,,2026-09-14T00:00:04+00:00,,0,0,https://remoteOK.com/remote-jobs/remote-customer-experience-representative-prop-firm-match-global-fzco-1137390
Technical Product Lead AI Finance App,Bjak ,Seoul,2026-09-12T16:00:10+00:00,,0,0,https://remoteOK.com/remote-jobs/remote-technical-product-lead-ai-finance-app-bjak-1137388
Software Engineer,Mirantis,,2026-09-12T14:00:03+00:00,,0,0,https://remoteOK.com/remote-jobs/remote-software-engineer-mirantis-1137387
HR Operations Specialist,Law Offices of Sabrina Li,,2026-09-12T00:00:05+00:00,,0,0,https://remoteOK.com/remote-jobs/remote-hr-operations-specialist-law-offices-of-sabrina-li-1137386
Marketing Student Assistant,Copenhagen Optimization,,2026-09-11T08:00:08+00:00,,0,0,https://remoteOK.com/remote-jobs/remote-marketing-student-assistant-copenhagen-optimization-1137381
Engineering Manager TLM Platform,Harper,San Francisco,2026-09-11T00:00:35+00:00,,0,0,https://remoteOK.com/remote-jobs/remote-engineering-manager-tlm-platform-harper-1137380
Senior Communications Officer Strategic Communications,GiveWell,United States,2026-09-11T00:00:23+00:00,,0,0,https://remoteOK.com/remote-jobs/remote-senior-communications-officer-strategic-communications-givewell-1137379
Senior People & Talent Operations Partner,TestGorilla,,2026-09-10T21:13:22+00:00,,70000,80000,https://remoteOK.com/remote-jobs/remote-senior-people-talent-operations-partner-testgorilla-1137378
External Data Specialist,eClinical Solutions,Remote,2026-09-10T16:00:15+00:00,,0,0,https://remoteOK.com/remote-jobs/remote-external-data-specialist-eclinical-solutions-1137375
Business Development Manager,Libertex Group,"ÙØ³ÙØ·, ÙØ³ÙØ· ÙØ³ÙØ· Ø¹ÙØ§Ù",2026-09-08T14:57:50+00:00,,0,0,https://remoteOK.com/remote-jobs/remote-business-development-manager-libertex-group-1137373
Quality Dispense Technician North,Thatchers Cider,"Greater Newcastle Area, ",2026-09-08T13:51:19+00:00,,0,0,https://remoteOK.com/remote-jobs/remote-quality-dispense-technician-north-thatchers-cider-1137374
Social Comms,NOPE,,2026-09-08T02:35:30+00:00,,90000,150000,https://remoteOK.com/remote-jobs/remote-social-comms-nope-1137314
AI Response Analyst,iMerit Technology,,2026-09-06T03:47:24+00:00,,20000,20000,https://remoteOK.com/remote-jobs/remote-ai-response-analyst-imerit-technology-1137309
Junior Crypto Analyst & Trader,Empire Assets,,2026-09-04T15:13:46+00:00,,60000,80000,https://remoteOK.com/remote-jobs/remote-junior-crypto-analyst-trader-empire-assets-1137307
Customer Support & Success Specialist,Warehance,,2026-09-03T19:12:26+00:00,,50000,70000,https://remoteOK.com/remote-jobs/remote-customer-support-success-specialist-warehance-1137302
Regional Sales Manager,OrderYOYO,,2026-09-02T16:00:07+00:00,,0,0,https://remoteOK.com/remote-jobs/remote-regional-sales-manager-orderyoyo-1137279
AI Engineer Data APIs,Benzinga,,2026-08-30T21:00:01+00:00,,0,0,https://remoteOK.com/remote-jobs/remote-ai-engineer-data-apis-benzinga-1137224
Programmatic Campaign Operations Specialist Trader,VirtuHire,,2026-08-27T16:00:04+00:00,,0,0,https://remoteOK.com/remote-jobs/remote-programmatic-campaign-operations-specialist-trader-virtuhire-1137169
Principal Engineer,The AI Whistleblower Initiative,,2026-08-27T09:00:02+00:00,,0,0,https://remoteOK.com/remote-jobs/remote-principal-engineer-the-ai-whistleblower-initiative-1137162
Senior Level Designer,Blackbird Interactive,"Vancouver, BC, Canada",2026-08-27T00:00:23+00:00,,0,0,https://remoteOK.com/remote-jobs/remote-senior-level-designer-blackbird-interactive-1137156
Oracle Fusion Cloud Lead â Logistics & Supply Chain Management,Tessera Labs,,2026-08-27T00:00:17+00:00,,30,36,https://remoteOK.com/remote-jobs/remote-oracle-fusion-cloud-lead-logistics-supply-chain-management-tessera-labs-1137155
Course Director UX UI and AI,Interaction Design Foundation,,2026-08-26T12:44:41+00:00,,10000,750000,https://remoteOK.com/remote-jobs/remote-course-director-ux-ui-and-ai-interaction-design-foundation-1137139
Education Designer UX UI and AI,Interaction Design Foundation,,2026-08-26T12:41:23+00:00,,10000,750000,https://remoteOK.com/remote-jobs/remote-education-designer-ux-ui-and-ai-interaction-design-foundation-1137138
Course Writer and Editor UX UI and AI,Interaction Design Foundation,,2026-08-26T12:33:33+00:00,,10000,750000,https://remoteOK.com/remote-jobs/remote-course-writer-and-editor-ux-ui-and-ai-interaction-design-foundation-1137136
Renewables Project Scheduler,Transportation Partners &amp; Logistics,"Black Bess, ",2026-08-25T21:34:13+00:00,,0,0,https://remoteOK.com/remote-jobs/remote-renewables-project-scheduler-transportation-partners-amp-logistics-1137194
Senior Backend Engineer Build AI Agents,Salesforge,,2026-08-25T07:00:03+00:00,,0,0,https://remoteOK.com/remote-jobs/remote-senior-backend-engineer-build-ai-agents-salesforge-1137114
Senior Specialist Global QMS,Orca Bio,,2026-08-22T16:00:15+00:00,,0,0,https://remoteOK.com/remote-jobs/remote-senior-specialist-global-qms-orca-bio-1137072
DESARROLLADOR FULL STACK,Kruger NearShore LLC - Rekluti,,2026-08-22T00:00:12+00:00,,0,0,https://remoteOK.com/remote-jobs/remote-desarrollador-full-stack-kruger-nearshore-llc-rekluti-1137062
Senior Governance Risk and Compliance Analyst,RainFocus,"Orem, UT",2026-08-22T00:00:05+00:00,,0,0,https://remoteOK.com/remote-jobs/remote-senior-governance-risk-and-compliance-analyst-rainfocus-1137061
Consultant Implementation Engineer,Harbor,Remote,2026-08-20T00:00:15+00:00,,0,0,https://remoteOK.com/remote-jobs/remote-consultant-implementation-engineer-harbor-1136987
Marketing Operations Specialist,Engine,Remote - US,2026-08-18T16:00:57+00:00,,0,0,https://remoteOK.com/remote-jobs/remote-marketing-operations-specialist-engine-1136950
Team Lead Education,Chaos,,2026-08-18T16:00:30+00:00,,0,0,https://remoteOK.com/remote-jobs/remote-team-lead-education-chaos-1136949
Digital Workplace & Automation Specialist,Dreem Health,United States,2026-08-18T16:00:22+00:00,,0,0,https://remoteOK.com/remote-jobs/remote-digital-workplace-automation-specialist-dreem-health-1136948
Solutions Delivery Manager,Benchling,Boston,2026-08-18T08:00:07+00:00,,150000,200000,https://remoteOK.com/remote-jobs/remote-solutions-delivery-manager-benchling-1136937
Hotline Paralegal,Legal Services NYC,LSNYC Central Office,2026-08-17T16:00:38+00:00,,0,0,https://remoteOK.com/remote-jobs/remote-hotline-paralegal-legal-services-nyc-1136861
Principal Data Engineer,Vomela,,2026-08-17T16:00:06+00:00,,0,0,https://remoteOK.com/remote-jobs/remote-principal-data-engineer-vomela-1136860
Senior Contracts and Budget Associate,Precision Medicine Group,South Korea,2026-08-17T08:00:35+00:00,,0,0,https://remoteOK.com/remote-jobs/remote-senior-contracts-and-budget-associate-precision-medicine-group-1136844
Influencer Marketing Lead,Aftershoot,,2026-08-17T08:00:15+00:00,,0,0,https://remoteOK.com/remote-jobs/remote-influencer-marketing-lead-aftershoot-1136843
Work From Home Bilingual Client Services Representative,AO Garcia Agency,"Evanston, Wyoming",2026-08-17T08:00:09+00:00,,0,0,https://remoteOK.com/remote-jobs/remote-work-from-home-bilingual-client-services-representative-ao-garcia-agency-1136842
Lead Product Designer,HighLevel,India,2026-08-17T08:00:03+00:00,,0,0,https://remoteOK.com/remote-jobs/remote-lead-product-designer-highlevel-1136841
Member of Technical Staff Engineering,Physical Superintelligence,Boston,2026-08-16T00:00:23+00:00,,0,0,https://remoteOK.com/remote-jobs/remote-member-of-technical-staff-engineering-physical-superintelligence-1136798
Strategic Account Executive Lodging,FreedomPay,Select USA Remote Locations,2026-08-16T00:00:16+00:00,,0,0,https://remoteOK.com/remote-jobs/remote-strategic-account-executive-lodging-freedompay-1136797
Staff Software Development Engineer SDM,Delinea,Redwood City,2026-08-16T00:00:10+00:00,,150000,185000,https://remoteOK.com/remote-jobs/remote-staff-software-development-engineer-sdm-delinea-1136796
Senior Software Engineer Case Execution,Pivotal Health,New York City,2026-08-16T00:00:03+00:00,,190000,220000,https://remoteOK.com/remote-jobs/remote-senior-software-engineer-case-execution-pivotal-health-1136795
QA Tester Entry Level,Ace IT Careers,Remote,2026-08-15T00:00:25+00:00,,0,0,https://remoteOK.com/remote-jobs/remote-qa-tester-entry-level-ace-it-careers-1136701
Brand Protection & Marketplace Compliance Analyst,MultiplyMii,,2026-08-14T16:00:49+00:00,,0,0,https://remoteOK.com/remote-jobs/remote-brand-protection-marketplace-compliance-analyst-multiplymii-1136687
Engineering Manager Thailand,Bjak ,Bangkok,2026-08-14T08:00:04+00:00,,0,0,https://remoteOK.com/remote-jobs/remote-engineering-manager-thailand-bjak-1136670
Gardener Handyman Driver,NT Health,"Alice Springs, ",2026-08-13T20:09:23+00:00,,0,0,https://remoteOK.com/remote-jobs/remote-gardener-handyman-driver-nt-health-1136625
Real Time Drilling Ops Centre Analyst,SLB,"Dehradun, ",2026-08-12T22:34:19+00:00,,0,0,https://remoteOK.com/remote-jobs/remote-real-time-drilling-ops-centre-analyst-slb-1136857
Engineer Estimator,Crystalia Glass LLC,"Bishkek, Bishkek, Bishkek City, Kyrgyzstan",2026-08-12T16:55:55+00:00,,0,0,https://remoteOK.com/remote-jobs/remote-engineer-estimator-crystalia-glass-llc-1136878
Software Engineer III Mobile,Stone,Remoto,2026-08-12T16:01:22+00:00,,0,0,https://remoteOK.com/remote-jobs/remote-software-engineer-iii-mobile-stone-1136570
Software Engineer II Golang,Stone,Remoto,2026-08-12T16:01:04+00:00,,0,0,https://remoteOK.com/remote-jobs/remote-software-engineer-ii-golang-stone-1136569
P2P BD Assistant,Bybit,LATAM,2026-08-12T16:00:24+00:00,,0,0,https://remoteOK.com/remote-jobs/remote-p2p-bd-assistant-bybit-1136568
Surveyor I,American Bureau of Shipping (ABS),"Port of Spain, ",2026-08-12T16:00:12+00:00,,0,0,https://remoteOK.com/remote-jobs/remote-surveyor-i-american-bureau-of-shipping-abs-1136592
Customer Service Representative,Adaptive Teams,,2026-08-12T16:00:04+00:00,,0,0,https://remoteOK.com/remote-jobs/remote-customer-service-representative-adaptive-teams-1136566
Staff Software Engineer,Evolve,Remote - US,2026-08-12T00:00:23+00:00,,0,0,https://remoteOK.com/remote-jobs/remote-staff-software-engineer-evolve-1136447
Sales Development Representative Attributeâ,DoiT,Remote UK,2026-08-11T08:00:43+00:00,,0,0,https://remoteOK.com/remote-jobs/
Java Developer,Clera,Los Angeles,2026-08-05T16:00:23+00:00,,0,0,https://remoteOK.com/remote-jobs/remote-java-developer-clera-1136188
Future Shaprs,Shapr3D,"Budapest, ",2026-08-05T13:54:56+00:00,,0,0,https://remoteOK.com/remote-jobs/remote-future-shaprs-shapr3d-1136770
Why do you want this new job,testacy,"Posts, ",2026-08-05T11:38:20+00:00,,0,0,https://remoteOK.com/remote-jobs/remote-why-do-you-want-this-new-job-testacy-1136168
Architectural Designer,Sophie's Flats Inc.,"Toronto, ",2026-08-05T11:17:03+00:00,,0,0,https://remoteOK.com/remote-jobs/remote-architectural-designer-sophies-flats-inc-1136192
Freelance Designer,Control Shift Video,"Texas, ",2026-08-05T08:16:20+00:00,,0,0,https://remoteOK.com/remote-jobs/remote-freelance-designer-control-shift-video-1136213
Head of Security,Tremendous,"New York, New York, New York, United States",2026-08-05T01:57:42+00:00,,0,0,https://remoteOK.com/remote-jobs/remote-head-of-security-tremendous-1136210
Operations Engineer II,AWeber,"Uluberia-II, ",2026-08-04T23:02:29+00:00,,0,0,https://remoteOK.com/remote-jobs/remote-operations-engineer-ii-aweber-1136778
Marketing Specialist,INNERGY,"Austin, Austin, Texas, United States",2026-08-04T15:06:47+00:00,,0,0,https://remoteOK.com/remote-jobs/remote-marketing-specialist-innergy-1136094
Data Analyst,SEAhub Asia,"Kuala Lumpur, Kuala Lumpur, Wilayah Persekutuan Kuala Lumpur, Malaysia",2026-08-04T14:20:29+00:00,,0,0,https://remoteOK.com/remote-jobs/remote-data-analyst-seahub-asia-1136222
Clinical Coordination Manager,Enable Dental,"Austin, Austin, Texas, United States",2026-08-04T13:59:30+00:00,,0,0,https://remoteOK.com/remote-jobs/remote-clinical-coordination-manager-enable-dental-1136096
Data Analyst Assistant,Arabian Private Holdings,"Ø¯Ø¨Ù, Ø¯Ø¨Ù Ø¯Ø¨Ù Ø§ÙØ¥ÙØ§Ø±Ø§Øª Ø§ÙØ¹Ø±Ø¨ÙØ© Ø§ÙÙØªØ­Ø¯Ø©",2026-08-04T13:06:29+00:00,,0,0,https://remoteOK.com/remote-jobs/remote-data-analyst-assistant-arabian-private-holdings-1136217
Business Development,GROW10X,"Islamabad, Islamabad, IslÄmÄbÄd, Pakistan",2026-08-04T07:17:17+00:00,,0,0,https://remoteOK.com/remote-jobs/remote-business-development-grow10x-1136221
Market Research,GROW10X,"Chennai, Chennai, Tamil Nadu, India",2026-08-04T07:13:53+00:00,,0,0,https://remoteOK.com/remote-jobs/remote-market-research-grow10x-1136216
Online Bidder,Webnotics Pvt Ltd,"Agra, ",2026-08-04T04:28:15+00:00,,0,0,https://remoteOK.com/remote-jobs/remote-online-bidder-webnotics-pvt-ltd-1137209
Regional Sales Manager,"Balco, Inc.","Wichita, ",2026-08-04T00:00:00+00:00,,0,0,https://remoteOK.com/remote-jobs/remote-regional-sales-manager-balco-inc-1136097
Student Success Coach,FindTutors,"London, London, England, United Kingdom",2026-08-03T19:35:02+00:00,,0,0,https://remoteOK.com/remote-jobs/remote-student-success-coach-findtutors-1136086
Regional Flight Operations Support Manager,Wing,"Dallas, Dallas, Texas, United States",2026-08-03T17:00:01+00:00,,0,0,https://remoteOK.com/remote-jobs/remote-regional-flight-operations-support-manager-wing-1136054
Functional Assessor,PFAS (Personal Functional Assessment Services),"Bury St Edmunds, ",2026-08-03T13:21:42+00:00,,0,0,https://remoteOK.com/remote-jobs/remote-functional-assessor-pfas-personal-functional-assessment-services-1136370
Data Entry Administrator,PulseMediaNL,"Ø§ÙØ±ÙØ§Ø¶, Ø§ÙØ±ÙØ§Ø¶ Ø§ÙØ±ÙØ§Ø¶ Ø§ÙØ³Ø¹ÙØ¯ÙØ©",2026-08-02T01:50:08+00:00,,0,0,https://remoteOK.com/remote-jobs/remote-data-entry-administrator-pulsemedianl-1135903
Patient Outreach Specialist,Grapefruit Health,,2026-08-01T16:00:13+00:00,,0,0,https://remoteOK.com/remote-jobs/remote-patient-outreach-specialist-grapefruit-health-1135789
Licensed Customer Service Representative,Liberty Mutual Insurance,,2026-08-01T16:00:06+00:00,,0,0,https://remoteOK.com/remote-jobs/remote-licensed-customer-service-representative-liberty-mutual-insurance-1135788
Customer Support Specialist,Resource Guru,"Greater London, ",2026-08-01T14:24:36+00:00,,0,0,https://remoteOK.com/remote-jobs/remote-customer-support-specialist-resource-guru-1136066
Managing Director,Berni and Mick Ireland,"Sunshine Coast, Sunshine Coast, Queensland, Australia",2026-08-01T06:38:19+00:00,,0,0,https://remoteOK.com/remote-jobs/remote-managing-director-berni-and-mick-ireland-1135908
Freelance Creative Director,BMWL,"California, California, United States",2026-07-31T23:38:35+00:00,,0,0,https://remoteOK.com/remote-jobs/remote-freelance-creative-director-bmwl-1135901
Human Resources Coordinator,Pacific Health Group,"San Diego, San Diego, California, United States",2026-07-31T22:29:53+00:00,,0,0,https://remoteOK.com/remote-jobs/remote-human-resources-coordinator-pacific-health-group-1135783
Voice Over Artist,Bored Panda,"Vilnius, Vilnius, Vilniaus, Lithuania",2026-07-31T19:24:20+00:00,,0,0,https://remoteOK.com/remote-jobs/remote-voice-over-artist-bored-panda-1135765
BMS Service Technician,Johnson Controls,"Warana, ",2026-07-31T09:02:35+00:00,,0,0,https://remoteOK.com/remote-jobs/remote-bms-service-technician-johnson-controls-1135997
Regional General Manager Airports,WestJet,"Mississauga, ",2026-07-31T01:54:56+00:00,,0,0,https://remoteOK.com/remote-jobs/remote-regional-general-manager-airports-westjet-1135745
Growth Strategist,Lyric,,2026-07-30T16:00:20+00:00,,0,0,https://remoteOK.com/remote-jobs/remote-growth-strategist-lyric-1135681
Administrative Assistant,Viable Medical Solutions,Greater Orlando,2026-07-30T15:59:26+00:00,,0,0,https://remoteOK.com/remote-jobs/remote-administrative-assistant-viable-medical-solutions-1135697
Graphic Designer,Uchromatic,"Time, ",2026-07-30T05:38:16+00:00,,0,0,https://remoteOK.com/remote-jobs/remote-graphic-designer-uchromatic-1135767
Machine Operator &amp; Labourers,Total Environmental Concepts Pty ltd,"Brisbane City, ",2026-07-30T02:59:00+00:00,,0,0,https://remoteOK.com/remote-jobs/remote-machine-operator-amp-labourers-total-environmental-concepts-pty-ltd-1136001
Human Resources Specialist,Harvey Nash,"California, California, United States",2026-07-30T00:40:50+00:00,,0,0,https://remoteOK.com/remote-jobs/remote-human-resources-specialist-harvey-nash-1135675
Software Engineer GO,Wakacje.pl,,2026-07-29T20:00:01+00:00,,0,0,https://remoteOK.com/remote-jobs/remote-software-engineer-go-wakacje-pl-1135634
Care Navigator Level 1,Ready,"Seattle, Seattle, Washington, United States",2026-07-29T17:04:58+00:00,,0,0,https://remoteOK.com/remote-jobs/remote-care-navigator-level-1-ready-1135674
Healthcare Virtual Assistant Athena EMR Experience,Snapscale Philippines,"Davao, ",2026-07-29T10:25:22+00:00,,0,0,https://remoteOK.com/remote-jobs/remote-healthcare-virtual-assistant-athena-emr-experience-snapscale-philippines-1135688
Graphic Designer,"Miranda Creative, Inc.","Norwich, Norwich, Connecticut, United States",2026-07-29T01:36:08+00:00,,0,0,https://remoteOK.com/remote-jobs/remote-graphic-designer-miranda-creative-inc-1135610
Legal Receptionist Fully,Adams &amp; Martin Group,"Cupertino, Cupertino, California, United States",2026-07-28T22:17:20+00:00,,0,0,https://remoteOK.com/remote-jobs/remote-legal-receptionist-fully-adams-amp-martin-group-1135609
Product Manager Â· New York Chicago Charlotte,Oula,"New York, New York, New York, United States",2026-07-28T22:09:47+00:00,,0,0,https://remoteOK.com/remote-jobs/remote-product-manager-new-york-chicago-charlotte-oula-1135672
Junior Data Analyst,HiredBuddy,"California, California, United States",2026-07-28T20:34:39+00:00,,0,0,https://remoteOK.com/remote-jobs/remote-junior-data-analyst-hiredbuddy-1135673
